{"v":5,"entries":{"components-accordion--default":{"type":"story","id":"components-accordion--default","name":"default","title":"Components/Accordion","importPath":"../../implementations/twig/components/accordion/accordion.story.js","tags":["dev","test"]},"components-banner--image":{"type":"story","id":"components-banner--image","name":"image","title":"Components/Banner","importPath":"../../implementations/twig/components/banner/banner.story.js","tags":["dev","test"]},"components-banner--video":{"type":"story","id":"components-banner--video","name":"video","title":"Components/Banner","importPath":"../../implementations/twig/components/banner/banner.story.js","tags":["dev","test"]},"components-blockquote--default":{"type":"story","id":"components-blockquote--default","name":"default","title":"Components/Blockquote","importPath":"../../implementations/twig/components/blockquote/blockquote.story.js","tags":["dev","test"]},"components-navigation-breadcrumb--default":{"type":"story","id":"components-navigation-breadcrumb--default","name":"default","title":"Components/Navigation/Breadcrumb","importPath":"../../implementations/twig/components/breadcrumb/breadcrumb.story.js","tags":["dev","test"]},"components-button--primary":{"type":"story","id":"components-button--primary","name":"primary","title":"Components/Button","importPath":"../../implementations/twig/components/button/button.story.js","tags":["dev","test"]},"components-button--secondary":{"type":"story","id":"components-button--secondary","name":"secondary","title":"Components/Button","importPath":"../../implementations/twig/components/button/button.story.js","tags":["dev","test"]},"components-button--tertiary":{"type":"story","id":"components-button--tertiary","name":"tertiary","title":"Components/Button","importPath":"../../implementations/twig/components/button/button.story.js","tags":["dev","test"]},"components-button--call-to-action":{"type":"story","id":"components-button--call-to-action","name":"call to action","title":"Components/Button","importPath":"../../implementations/twig/components/button/button.story.js","tags":["dev","test"]},"components-button--ghost":{"type":"story","id":"components-button--ghost","name":"ghost","title":"Components/Button","importPath":"../../implementations/twig/components/button/button.story.js","tags":["dev","test"]},"components-button--ghost-inverted":{"type":"story","id":"components-button--ghost-inverted","name":"ghost inverted","title":"Components/Button","importPath":"../../implementations/twig/components/button/button.story.js","tags":["dev","test"]},"components-card--default":{"type":"story","id":"components-card--default","name":"default","title":"Components/Card","importPath":"../../implementations/twig/components/card/card.story.js","tags":["dev","test"]},"components-carousel--default":{"type":"story","id":"components-carousel--default","name":"default","title":"Components/Carousel","importPath":"../../implementations/twig/components/carousel/carousel.story.js","tags":["dev","test"]},"components-category-filter--default":{"type":"story","id":"components-category-filter--default","name":"default","title":"Components/Category filter","importPath":"../../implementations/twig/components/category-filter/category-filter.story.js","tags":["dev","test"]},"components-content-block--default":{"type":"story","id":"components-content-block--default","name":"default","title":"Components/Content block","importPath":"../../implementations/twig/components/content-block/content-block.story.js","tags":["dev","test"]},"components-content-item--default":{"type":"story","id":"components-content-item--default","name":"default","title":"Components/Content item","importPath":"../../implementations/twig/components/content-item/content-item.story.js","tags":["dev","test"]},"components-content-item--image":{"type":"story","id":"components-content-item--image","name":"image","title":"Components/Content item","importPath":"../../implementations/twig/components/content-item/content-item.story.js","tags":["dev","test"]},"components-content-item--event":{"type":"story","id":"components-content-item--event","name":"event","title":"Components/Content item","importPath":"../../implementations/twig/components/content-item/content-item.story.js","tags":["dev","test"]},"components-date-block--ongoing":{"type":"story","id":"components-date-block--ongoing","name":"upcoming & ongoing","title":"Components/Date block","importPath":"../../implementations/twig/components/date-block/date-block.story.js","tags":["dev","test"]},"components-date-block--past":{"type":"story","id":"components-date-block--past","name":"past and cancelled","title":"Components/Date block","importPath":"../../implementations/twig/components/date-block/date-block.story.js","tags":["dev","test"]},"components-list-description-list--vertical":{"type":"story","id":"components-list-description-list--vertical","name":"description","title":"Components/List/Description list","importPath":"../../implementations/twig/components/description-list/description-list.story.js","tags":["dev","test"]},"components-list-description-list--horizontal":{"type":"story","id":"components-list-description-list--horizontal","name":"description (horizontal)","title":"Components/List/Description list","importPath":"../../implementations/twig/components/description-list/description-list.story.js","tags":["dev","test"]},"components-expandables--default":{"type":"story","id":"components-expandables--default","name":"default","title":"Components/Expandables","importPath":"../../implementations/twig/components/expandable/expandable.story.js","tags":["dev","test"]},"components-fact-figures--default":{"type":"story","id":"components-fact-figures--default","name":"Default","title":"Components/Fact figures","importPath":"../../implementations/twig/components/fact-figures/fact-figures.story.js","tags":["dev","test"]},"components-featured-item--default":{"type":"story","id":"components-featured-item--default","name":"default","title":"Components/Featured item","importPath":"../../implementations/twig/components/featured-item/featured-item.story.js","tags":["dev","test"]},"components-featured-item--simple":{"type":"story","id":"components-featured-item--simple","name":"simple","title":"Components/Featured item","importPath":"../../implementations/twig/components/featured-item/featured-item.story.js","tags":["dev","test"]},"components-featured-item--highlight":{"type":"story","id":"components-featured-item--highlight","name":"highlighted","title":"Components/Featured item","importPath":"../../implementations/twig/components/featured-item/featured-item.story.js","tags":["dev","test"]},"components-file--default":{"type":"story","id":"components-file--default","name":"Default","title":"Components/File","importPath":"../../implementations/twig/components/file/file.story.js","tags":["dev","test"]},"components-file--thumbnail":{"type":"story","id":"components-file--thumbnail","name":"with thumbnail","title":"Components/File","importPath":"../../implementations/twig/components/file/file.story.js","tags":["dev","test"]},"components-forms--text":{"type":"story","id":"components-forms--text","name":"Text input","title":"Components/Forms","importPath":"../../implementations/twig/components/form-group/form-group.story.js","tags":["dev","test"]},"components-forms--textarea":{"type":"story","id":"components-forms--textarea","name":"Textarea","title":"Components/Forms","importPath":"../../implementations/twig/components/form-group/form-group.story.js","tags":["dev","test"]},"components-forms--standalone-checkbox":{"type":"story","id":"components-forms--standalone-checkbox","name":"Checkbox","title":"Components/Forms","importPath":"../../implementations/twig/components/form-group/form-group.story.js","tags":["dev","test"]},"components-forms--checkbox":{"type":"story","id":"components-forms--checkbox","name":"Checkbox group","title":"Components/Forms","importPath":"../../implementations/twig/components/form-group/form-group.story.js","tags":["dev","test"]},"components-forms--datepicker":{"type":"story","id":"components-forms--datepicker","name":"Datepicker","title":"Components/Forms","importPath":"../../implementations/twig/components/form-group/form-group.story.js","tags":["dev","test"]},"components-forms--file-upload":{"type":"story","id":"components-forms--file-upload","name":"File upload","title":"Components/Forms","importPath":"../../implementations/twig/components/form-group/form-group.story.js","tags":["dev","test"]},"components-forms--file-upload-multiple":{"type":"story","id":"components-forms--file-upload-multiple","name":"File upload multiple","title":"Components/Forms","importPath":"../../implementations/twig/components/form-group/form-group.story.js","tags":["dev","test"]},"components-forms--radio":{"type":"story","id":"components-forms--radio","name":"Radio","title":"Components/Forms","importPath":"../../implementations/twig/components/form-group/form-group.story.js","tags":["dev","test"]},"components-forms--radio-group":{"type":"story","id":"components-forms--radio-group","name":"Radio group","title":"Components/Forms","importPath":"../../implementations/twig/components/form-group/form-group.story.js","tags":["dev","test"]},"components-forms--range":{"type":"story","id":"components-forms--range","name":"Range","title":"Components/Forms","importPath":"../../implementations/twig/components/form-group/form-group.story.js","tags":["dev","test"]},"components-forms--rating-field":{"type":"story","id":"components-forms--rating-field","name":"Rating field","title":"Components/Forms","importPath":"../../implementations/twig/components/form-group/form-group.story.js","tags":["dev","test"]},"components-forms--select":{"type":"story","id":"components-forms--select","name":"Select","title":"Components/Forms","importPath":"../../implementations/twig/components/form-group/form-group.story.js","tags":["dev","test"]},"components-forms--select-multiple":{"type":"story","id":"components-forms--select-multiple","name":"Select multiple","title":"Components/Forms","importPath":"../../implementations/twig/components/form-group/form-group.story.js","tags":["dev","test"]},"components-gallery--default":{"type":"story","id":"components-gallery--default","name":"default","title":"Components/Gallery","importPath":"../../implementations/twig/components/gallery/gallery.story.js","tags":["dev","test"]},"components-icon--all":{"type":"story","id":"components-icon--all","name":"all icons","title":"Components/Icon","importPath":"../../implementations/twig/components/icon/icon.story.js","tags":["dev","test"]},"components-navigation-inpage-navigation--default":{"type":"story","id":"components-navigation-inpage-navigation--default","name":"default","title":"Components/Navigation/Inpage navigation","importPath":"../../implementations/twig/components/inpage-navigation/inpage-navigation.story.js","tags":["dev","test"]},"components-label--low":{"type":"story","id":"components-label--low","name":"low importance","title":"Components/Label","importPath":"../../implementations/twig/components/label/label.story.js","tags":["dev","test"]},"components-label--medium":{"type":"story","id":"components-label--medium","name":"medium importance","title":"Components/Label","importPath":"../../implementations/twig/components/label/label.story.js","tags":["dev","test"]},"components-label--high":{"type":"story","id":"components-label--high","name":"high importance","title":"Components/Label","importPath":"../../implementations/twig/components/label/label.story.js","tags":["dev","test"]},"components-label--highlight":{"type":"story","id":"components-label--highlight","name":"highlight","title":"Components/Label","importPath":"../../implementations/twig/components/label/label.story.js","tags":["dev","test"]},"components-navigation-link--default":{"type":"story","id":"components-navigation-link--default","name":"default","title":"Components/Navigation/Link","importPath":"../../implementations/twig/components/link/link.story.js","tags":["dev","test"]},"components-navigation-link--standalone":{"type":"story","id":"components-navigation-link--standalone","name":"standalone","title":"Components/Navigation/Link","importPath":"../../implementations/twig/components/link/link.story.js","tags":["dev","test"]},"components-navigation-link--cta":{"type":"story","id":"components-navigation-link--cta","name":"call to action","title":"Components/Navigation/Link","importPath":"../../implementations/twig/components/link/link.story.js","tags":["dev","test"]},"components-navigation-link--primary":{"type":"story","id":"components-navigation-link--primary","name":"primary","title":"Components/Navigation/Link","importPath":"../../implementations/twig/components/link/link.story.js","tags":["dev","test"]},"components-navigation-link--secondary":{"type":"story","id":"components-navigation-link--secondary","name":"secondary","title":"Components/Navigation/Link","importPath":"../../implementations/twig/components/link/link.story.js","tags":["dev","test"]},"components-navigation-link--inverted":{"type":"story","id":"components-navigation-link--inverted","name":"inverted","title":"Components/Navigation/Link","importPath":"../../implementations/twig/components/link/link.story.js","tags":["dev","test"]},"components-navigation-link--inverted-standalone":{"type":"story","id":"components-navigation-link--inverted-standalone","name":"inverted standalone","title":"Components/Navigation/Link","importPath":"../../implementations/twig/components/link/link.story.js","tags":["dev","test"]},"components-list-with-illustration--horizontal-image":{"type":"story","id":"components-list-with-illustration--horizontal-image","name":"horizontal (images)","title":"Components/List with illustration","importPath":"../../implementations/twig/components/list-illustration/list-illustration.story.js","tags":["dev","test"]},"components-list-with-illustration--horizontal-icon":{"type":"story","id":"components-list-with-illustration--horizontal-icon","name":"horizontal (icons)","title":"Components/List with illustration","importPath":"../../implementations/twig/components/list-illustration/list-illustration.story.js","tags":["dev","test"]},"components-list-with-illustration--vertical-image":{"type":"story","id":"components-list-with-illustration--vertical-image","name":"vertical (images)","title":"Components/List with illustration","importPath":"../../implementations/twig/components/list-illustration/list-illustration.story.js","tags":["dev","test"]},"components-list-with-illustration--vertical-icon":{"type":"story","id":"components-list-with-illustration--vertical-icon","name":"vertical (icons)","title":"Components/List with illustration","importPath":"../../implementations/twig/components/list-illustration/list-illustration.story.js","tags":["dev","test"]},"components-media-container--image":{"type":"story","id":"components-media-container--image","name":"image","title":"Components/Media container","importPath":"../../implementations/twig/components/media-container/media-container.story.js","tags":["dev","test"]},"components-media-container--video":{"type":"story","id":"components-media-container--video","name":"video","title":"Components/Media container","importPath":"../../implementations/twig/components/media-container/media-container.story.js","tags":["dev","test"]},"components-media-container--embedded-video":{"type":"story","id":"components-media-container--embedded-video","name":"embedded video","title":"Components/Media container","importPath":"../../implementations/twig/components/media-container/media-container.story.js","tags":["dev","test"]},"components-media-container--infographic":{"type":"story","id":"components-media-container--infographic","name":"infographic","title":"Components/Media container","importPath":"../../implementations/twig/components/media-container/media-container.story.js","tags":["dev","test"]},"components-modal--default":{"type":"story","id":"components-modal--default","name":"default","title":"Components/Modal","importPath":"../../implementations/twig/components/modal/modal.story.js","tags":["dev","test"]},"components-navigation-navigation-list--default":{"type":"story","id":"components-navigation-navigation-list--default","name":"default","title":"Components/Navigation/Navigation list","importPath":"../../implementations/twig/components/navigation-list/navigation-list.story.js","tags":["dev","test"]},"components-navigation-navigation-list--illustration":{"type":"story","id":"components-navigation-navigation-list--illustration","name":"with illustration","title":"Components/Navigation/Navigation list","importPath":"../../implementations/twig/components/navigation-list/navigation-list.story.js","tags":["dev","test"]},"components-news-ticker--default":{"type":"story","id":"components-news-ticker--default","name":"default","title":"Components/News ticker","importPath":"../../implementations/twig/components/news-ticker/news-ticker.story.js","tags":["dev","test"]},"components-notifications--info":{"type":"story","id":"components-notifications--info","name":"Info","title":"Components/Notifications","importPath":"../../implementations/twig/components/notification/notification.story.js","tags":["dev","test"]},"components-notifications--success":{"type":"story","id":"components-notifications--success","name":"Success","title":"Components/Notifications","importPath":"../../implementations/twig/components/notification/notification.story.js","tags":["dev","test"]},"components-notifications--error":{"type":"story","id":"components-notifications--error","name":"Error","title":"Components/Notifications","importPath":"../../implementations/twig/components/notification/notification.story.js","tags":["dev","test"]},"components-notifications--warning":{"type":"story","id":"components-notifications--warning","name":"Warning","title":"Components/Notifications","importPath":"../../implementations/twig/components/notification/notification.story.js","tags":["dev","test"]},"components-list-ordered-list--default":{"type":"story","id":"components-list-ordered-list--default","name":"text","title":"Components/List/Ordered list","importPath":"../../implementations/twig/components/ordered-list/ordered-list.story.js","tags":["dev","test"]},"components-list-ordered-list--links":{"type":"story","id":"components-list-ordered-list--links","name":"links","title":"Components/List/Ordered list","importPath":"../../implementations/twig/components/ordered-list/ordered-list.story.js","tags":["dev","test"]},"components-list-ordered-list--divider":{"type":"story","id":"components-list-ordered-list--divider","name":"with divider","title":"Components/List/Ordered list","importPath":"../../implementations/twig/components/ordered-list/ordered-list.story.js","tags":["dev","test"]},"components-list-ordered-list--unstyled":{"type":"story","id":"components-list-ordered-list--unstyled","name":"unstyled","title":"Components/List/Ordered list","importPath":"../../implementations/twig/components/ordered-list/ordered-list.story.js","tags":["dev","test"]},"components-site-wide-page-headers--default":{"type":"story","id":"components-site-wide-page-headers--default","name":"default","title":"Components/Site-wide/Page headers","importPath":"../../implementations/twig/components/page-header/page-header.story.js","tags":["dev","test"]},"components-navigation-pagination--default":{"type":"story","id":"components-navigation-pagination--default","name":"default","title":"Components/Navigation/Pagination","importPath":"../../implementations/twig/components/pagination/pagination.story.js","tags":["dev","test"]},"components-popover--default":{"type":"story","id":"components-popover--default","name":"default","title":"Components/Popover","importPath":"../../implementations/twig/components/popover/popover.story.js","tags":["dev","test"]},"components-forms--search":{"type":"story","id":"components-forms--search","name":"Search Form","title":"Components/Forms","importPath":"../../implementations/twig/components/search-form/search-form.story.js","tags":["dev","test"]},"components-separator--default":{"type":"story","id":"components-separator--default","name":"default","title":"Components/Separator","importPath":"../../implementations/twig/components/separator/separator.story.js","tags":["dev","test"]},"components-site-wide-site-footer--core":{"type":"story","id":"components-site-wide-site-footer--core","name":"core","title":"Components/Site-wide/Site footer","importPath":"../../implementations/twig/components/site-footer/eu-site-footer.story.js","tags":["dev","test"]},"components-site-wide-site-footer--harmonised":{"type":"story","id":"components-site-wide-site-footer--harmonised","name":"harmonised","title":"Components/Site-wide/Site footer","importPath":"../../implementations/twig/components/site-footer/eu-site-footer.story.js","tags":["dev","test"]},"components-site-wide-site-header--core":{"type":"story","id":"components-site-wide-site-header--core","name":"core","title":"Components/Site-wide/Site header","importPath":"../../implementations/twig/components/site-header/eu-site-header.story.js","tags":["dev","test"]},"components-site-wide-site-header--harmonised":{"type":"story","id":"components-site-wide-site-header--harmonised","name":"harmonised","title":"Components/Site-wide/Site header","importPath":"../../implementations/twig/components/site-header/eu-site-header.story.js","tags":["dev","test"]},"components-navigation-skip-link--default":{"type":"story","id":"components-navigation-skip-link--default","name":"default","title":"Components/Navigation/Skip Link","importPath":"../../implementations/twig/components/skip-link/skip-link.story.js","tags":["dev","test"]},"components-social-media-follow--horizontal":{"type":"story","id":"components-social-media-follow--horizontal","name":"horizontal (monochrome)","title":"Components/Social Media Follow","importPath":"../../implementations/twig/components/social-media-follow/social-media-follow.story.js","tags":["dev","test"]},"components-social-media-follow--horizontal-color":{"type":"story","id":"components-social-media-follow--horizontal-color","name":"horizontal (color)","title":"Components/Social Media Follow","importPath":"../../implementations/twig/components/social-media-follow/social-media-follow.story.js","tags":["dev","test"]},"components-social-media-follow--vertical":{"type":"story","id":"components-social-media-follow--vertical","name":"vertical (monochrome)","title":"Components/Social Media Follow","importPath":"../../implementations/twig/components/social-media-follow/social-media-follow.story.js","tags":["dev","test"]},"components-social-media-follow--vertical-color":{"type":"story","id":"components-social-media-follow--vertical-color","name":"vertical (color)","title":"Components/Social Media Follow","importPath":"../../implementations/twig/components/social-media-follow/social-media-follow.story.js","tags":["dev","test"]},"components-social-media-share--horizontal":{"type":"story","id":"components-social-media-share--horizontal","name":"horizontal","title":"Components/Social Media Share","importPath":"../../implementations/twig/components/social-media-share/social-media-share.story.js","tags":["dev","test"]},"components-social-media-share--vertical":{"type":"story","id":"components-social-media-share--vertical","name":"vertical","title":"Components/Social Media Share","importPath":"../../implementations/twig/components/social-media-share/social-media-share.story.js","tags":["dev","test"]},"components-loading-indicator--default":{"type":"story","id":"components-loading-indicator--default","name":"primary","title":"Components/Loading indicator","importPath":"../../implementations/twig/components/spinner/spinner.story.js","tags":["dev","test"]},"components-loading-indicator--inverted":{"type":"story","id":"components-loading-indicator--inverted","name":"inverted","title":"Components/Loading indicator","importPath":"../../implementations/twig/components/spinner/spinner.story.js","tags":["dev","test"]},"components-splash-page--default":{"type":"story","id":"components-splash-page--default","name":"default","title":"Components/Splash Page","importPath":"../../implementations/twig/components/splash-page/splash-page.story.js","tags":["dev","test"]},"components-table--default":{"type":"story","id":"components-table--default","name":"default","title":"Components/Table","importPath":"../../implementations/twig/components/table/table.story.js","tags":["dev","test"]},"components-table--zebra":{"type":"story","id":"components-table--zebra","name":"zebra","title":"Components/Table","importPath":"../../implementations/twig/components/table/table.story.js","tags":["dev","test"]},"components-table--multi":{"type":"story","id":"components-table--multi","name":"multi header","title":"Components/Table","importPath":"../../implementations/twig/components/table/table.story.js","tags":["dev","test"]},"components-table--sortable":{"type":"story","id":"components-table--sortable","name":"sort table","title":"Components/Table","importPath":"../../implementations/twig/components/table/table.story.js","tags":["dev","test"]},"components-navigation-tabs--default":{"type":"story","id":"components-navigation-tabs--default","name":"default","title":"Components/Navigation/Tabs","importPath":"../../implementations/twig/components/tabs/tabs.story.js","tags":["dev","test"]},"components-tag--set":{"type":"story","id":"components-tag--set","name":"tag set","title":"Components/Tag","importPath":"../../implementations/twig/components/tag/tag-set.story.js","tags":["dev","test"]},"components-tag--link":{"type":"story","id":"components-tag--link","name":"link tag","title":"Components/Tag","importPath":"../../implementations/twig/components/tag/tag.story.js","tags":["dev","test"]},"components-tag--removable":{"type":"story","id":"components-tag--removable","name":"removable tag","title":"Components/Tag","importPath":"../../implementations/twig/components/tag/tag.story.js","tags":["dev","test"]},"components-timeline--default":{"type":"story","id":"components-timeline--default","name":"default","title":"Components/Timeline","importPath":"../../implementations/twig/components/timeline/timeline.story.js","tags":["dev","test"]},"components-list-unordered-list--text":{"type":"story","id":"components-list-unordered-list--text","name":"text","title":"Components/List/Unordered list","importPath":"../../implementations/twig/components/unordered-list/unordered-list.story.js","tags":["dev","test"]},"components-list-unordered-list--link":{"type":"story","id":"components-list-unordered-list--link","name":"links","title":"Components/List/Unordered list","importPath":"../../implementations/twig/components/unordered-list/unordered-list.story.js","tags":["dev","test"]},"components-list-unordered-list--divider":{"type":"story","id":"components-list-unordered-list--divider","name":"with divider","title":"Components/List/Unordered list","importPath":"../../implementations/twig/components/unordered-list/unordered-list.story.js","tags":["dev","test"]},"components-list-unordered-list--unstyled":{"type":"story","id":"components-list-unordered-list--unstyled","name":"unstyled","title":"Components/List/Unordered list","importPath":"../../implementations/twig/components/unordered-list/unordered-list.story.js","tags":["dev","test"]},"compositions-etranslation--default":{"type":"story","id":"compositions-etranslation--default","name":"default","title":"Compositions/eTranslation","importPath":"../../implementations/twig/compositions/etrans/etrans.story.js","tags":["dev","test"]},"compositions-etranslation--no-language":{"type":"story","id":"compositions-etranslation--no-language","name":"no language list","title":"Compositions/eTranslation","importPath":"../../implementations/twig/compositions/etrans/etrans.story.js","tags":["dev","test"]},"compositions-file-upload-status--default":{"type":"story","id":"compositions-file-upload-status--default","name":"default","title":"Compositions/File upload status","importPath":"../../implementations/twig/compositions/file-upload-status/file-upload-status.story.js","tags":["dev","test"]},"layout-grid--234612":{"type":"story","id":"layout-grid--234612","name":"2-3-4-6-12","title":"Layout/Grid","importPath":"../../implementations/twig/layout/grid/grid.story.js","tags":["dev","test"]},"layout-grid--642":{"type":"story","id":"layout-grid--642","name":"6-4-2","title":"Layout/Grid","importPath":"../../implementations/twig/layout/grid/grid.story.js","tags":["dev","test"]},"layout-grid--282":{"type":"story","id":"layout-grid--282","name":"2-8-2","title":"Layout/Grid","importPath":"../../implementations/twig/layout/grid/grid.story.js","tags":["dev","test"]},"layout-grid--336":{"type":"story","id":"layout-grid--336","name":"3-3-6","title":"Layout/Grid","importPath":"../../implementations/twig/layout/grid/grid.story.js","tags":["dev","test"]},"layout-grid--offset":{"type":"story","id":"layout-grid--offset","name":"offset","title":"Layout/Grid","importPath":"../../implementations/twig/layout/grid/grid.story.js","tags":["dev","test"]},"layout-grid--responsive":{"type":"story","id":"layout-grid--responsive","name":"responsive","title":"Layout/Grid","importPath":"../../implementations/twig/layout/grid/grid.story.js","tags":["dev","test"]},"layout-stacks--custom":{"type":"story","id":"layout-stacks--custom","name":"custom","title":"Layout/Stacks","importPath":"../../implementations/twig/layout/stacks/index.story.js","tags":["dev","test"]},"page-examples-home--default":{"type":"story","id":"page-examples-home--default","name":"default","title":"Page examples/Home","importPath":"../../implementations/twig/pages/page-home/page-home.story.js","tags":["test"]},"page-examples-inner--default":{"type":"story","id":"page-examples-inner--default","name":"default","title":"Page examples/Inner","importPath":"../../implementations/twig/pages/page-inner/page-inner.story.js","tags":["test"]},"page-examples-search--default":{"type":"story","id":"page-examples-search--default","name":"default","title":"Page examples/Search","importPath":"../../implementations/twig/pages/page-search/page-search.story.js","tags":["test"]},"utilities-background--custom":{"type":"story","id":"utilities-background--custom","name":"custom","title":"Utilities/Background","importPath":"../../implementations/twig/utilities/background/index.story.js","tags":["dev","test"]},"utilities-border--custom":{"type":"story","id":"utilities-border--custom","name":"custom","title":"Utilities/Border","importPath":"../../implementations/twig/utilities/border/index.story.js","tags":["dev","test"]},"utilities-clearfix--custom":{"type":"story","id":"utilities-clearfix--custom","name":"custom","title":"Utilities/Clearfix","importPath":"../../implementations/twig/utilities/clearfix/index.story.js","tags":["dev","test"]},"utilities-dimension--custom":{"type":"story","id":"utilities-dimension--custom","name":"custom","title":"Utilities/Dimension","importPath":"../../implementations/twig/utilities/dimension/index.story.js","tags":["dev","test"]},"utilities-disable-scroll--custom":{"type":"story","id":"utilities-disable-scroll--custom","name":"custom","title":"Utilities/Disable scroll","importPath":"../../implementations/twig/utilities/disablescroll/index.story.js","tags":["dev","test"]},"utilities-display--custom":{"type":"story","id":"utilities-display--custom","name":"custom","title":"Utilities/Display","importPath":"../../implementations/twig/utilities/display/index.story.js","tags":["dev","test"]},"utilities-easy-to-read--default":{"type":"story","id":"utilities-easy-to-read--default","name":"default","title":"Utilities/Easy to read","importPath":"../../implementations/twig/utilities/easy-to-read/easy-to-read.story.js","tags":["dev","test"]},"utilities-float--custom":{"type":"story","id":"utilities-float--custom","name":"custom","title":"Utilities/Float","importPath":"../../implementations/twig/utilities/float/index.story.js","tags":["dev","test"]},"utilities-html-tag-styling--default":{"type":"story","id":"utilities-html-tag-styling--default","name":"default","title":"Utilities/HTML tag styling","importPath":"../../implementations/twig/utilities/html-tag/index.story.js","tags":["dev","test"]},"utilities-media--custom":{"type":"story","id":"utilities-media--custom","name":"custom","title":"Utilities/Media","importPath":"../../implementations/twig/utilities/media/index.story.js","tags":["dev","test"]},"utilities-print--display":{"type":"story","id":"utilities-print--display","name":"display","title":"Utilities/Print","importPath":"../../implementations/twig/utilities/print/index.story.js","tags":["dev","test"]},"utilities-print--page-break":{"type":"story","id":"utilities-print--page-break","name":"page break","title":"Utilities/Print","importPath":"../../implementations/twig/utilities/print/index.story.js","tags":["dev","test"]},"utilities-shadow--custom":{"type":"story","id":"utilities-shadow--custom","name":"custom","title":"Utilities/Shadow","importPath":"../../implementations/twig/utilities/shadow/index.story.js","tags":["dev","test"]},"utilities-spacing--default":{"type":"story","id":"utilities-spacing--default","name":"default","title":"Utilities/Spacing","importPath":"../../implementations/twig/utilities/spacing/index.story.js","tags":["dev","test"]},"utilities-typography--paragraph":{"type":"story","id":"utilities-typography--paragraph","name":"paragraph","title":"Utilities/Typography","importPath":"../../implementations/twig/utilities/typography/index.story.js","tags":["dev","test"]},"utilities-typography--heading":{"type":"story","id":"utilities-typography--heading","name":"heading","title":"Utilities/Typography","importPath":"../../implementations/twig/utilities/typography/index.story.js","tags":["dev","test"]},"utilities-typography--text-colour":{"type":"story","id":"utilities-typography--text-colour","name":"text colour","title":"Utilities/Typography","importPath":"../../implementations/twig/utilities/typography/index.story.js","tags":["dev","test"]},"utilities-typography--text-style":{"type":"story","id":"utilities-typography--text-style","name":"text style","title":"Utilities/Typography","importPath":"../../implementations/twig/utilities/typography/index.story.js","tags":["dev","test"]},"utilities-z-index--custom":{"type":"story","id":"utilities-z-index--custom","name":"custom","title":"Utilities/Z-index","importPath":"../../implementations/twig/utilities/z-index/index.story.js","tags":["dev","test"]}}}
